{"n": 5, "null": 0, "exact": 0, "tops": {"g": 73, "s": 5, "c": 5, "p": 1.0, "r": 0.0684931506849315, "f": 0.1282051282051282}, "labels": {"g": 92, "s": 5, "c": 0, "p": 0.0, "r": 0.0, "f": 0.0}, "properties": {"g": 0, "s": 0, "c": 0, "p": 0.0, "r": 0.0, "f": 0.0}, "anchors": {"g": 41, "s": 0, "c": 0, "p": 0.0, "r": 0.0, "f": 0.0}, "edges": {"g": 219, "s": 0, "c": 0, "p": 0.0, "r": 0.0, "f": 0.0}, "attributes": {"g": 0, "s": 0, "c": 0, "p": 0.0, "r": 0.0, "f": 0.0}, "all": {"g": 425, "s": 10, "c": 5, "p": 0.5, "r": 0.011764705882352941, "f": 0.02298850574712644}}