{"n": 1, "null": 0, "exact": 1, "tops": {"g": 2, "s": 1, "c": 1, "p": 1.0, "r": 0.5, "f": 0.6666666666666666}, "labels": {"g": 5, "s": 1, "c": 1, "p": 1.0, "r": 0.2, "f": 0.33333333333333337}, "properties": {"g": 0, "s": 0, "c": 0, "p": 0.0, "r": 0.0, "f": 0.0}, "anchors": {"g": 4, "s": 0, "c": 0, "p": 0.0, "r": 0.0, "f": 0.0}, "edges": {"g": 3, "s": 0, "c": 0, "p": 0.0, "r": 0.0, "f": 0.0}, "attributes": {"g": 0, "s": 0, "c": 0, "p": 0.0, "r": 0.0, "f": 0.0}, "all": {"g": 14, "s": 2, "c": 2, "p": 1.0, "r": 0.14285714285714285, "f": 0.25}}