{"n": 5, "null": 0, "exact": 0, "tops": {"g": 89, "s": 5, "c": 4, "p": 0.8, "r": 0.0449438202247191, "f": 0.0851063829787234}, "labels": {"g": 108, "s": 7, "c": 2, "p": 0.2857142857142857, "r": 0.018518518518518517, "f": 0.034782608695652174}, "properties": {"g": 0, "s": 0, "c": 0, "p": 0.0, "r": 0.0, "f": 0.0}, "anchors": {"g": 19, "s": 0, "c": 0, "p": 0.0, "r": 0.0, "f": 0.0}, "edges": {"g": 312, "s": 2, "c": 1, "p": 0.5, "r": 0.003205128205128205, "f": 0.006369426751592357}, "attributes": {"g": 0, "s": 0, "c": 0, "p": 0.0, "r": 0.0, "f": 0.0}, "all": {"g": 528, "s": 14, "c": 7, "p": 0.5, "r": 0.013257575757575758, "f": 0.025830258302583023}}