{"epoch": 99, "evaluation tops accuracy dcr-eng": 0.0851063829787234, "evaluation anchors f1 dcr-eng": 0.0, "evaluation labels f1 dcr-eng": 0.034782608695652174, "evaluation properties f1 dcr-eng": 0.0, "evaluation edges f1 dcr-eng": 0.006369426751592357, "evaluation attributes f1 dcr-eng": 0.0, "evaluation all f1 dcr-eng": 0.025830258302583023}