{"n": 5, "null": 0, "exact": 0, "tops": {"g": 110, "s": 5, "c": 4, "p": 0.8, "r": 0.03636363636363636, "f": 0.06956521739130435}, "labels": {"g": 133, "s": 5, "c": 1, "p": 0.2, "r": 0.007518796992481203, "f": 0.014492753623188406}, "properties": {"g": 0, "s": 0, "c": 0, "p": 0.0, "r": 0.0, "f": 0.0}, "anchors": {"g": 0, "s": 0, "c": 0, "p": 0.0, "r": 0.0, "f": 0.0}, "edges": {"g": 346, "s": 0, "c": 0, "p": 0.0, "r": 0.0, "f": 0.0}, "attributes": {"g": 0, "s": 0, "c": 0, "p": 0.0, "r": 0.0, "f": 0.0}, "all": {"g": 589, "s": 10, "c": 5, "p": 0.5, "r": 0.008488964346349746, "f": 0.016694490818030053}}