{"n": 5, "null": 0, "exact": 0, "tops": {"g": 97, "s": 5, "c": 3, "p": 0.6, "r": 0.030927835051546393, "f": 0.058823529411764705}, "labels": {"g": 126, "s": 6, "c": 2, "p": 0.3333333333333333, "r": 0.015873015873015872, "f": 0.030303030303030304}, "properties": {"g": 0, "s": 0, "c": 0, "p": 0.0, "r": 0.0, "f": 0.0}, "anchors": {"g": 55, "s": 0, "c": 0, "p": 0.0, "r": 0.0, "f": 0.0}, "edges": {"g": 317, "s": 1, "c": 0, "p": 0.0, "r": 0.0, "f": 0.0}, "attributes": {"g": 0, "s": 0, "c": 0, "p": 0.0, "r": 0.0, "f": 0.0}, "all": {"g": 595, "s": 12, "c": 5, "p": 0.4166666666666667, "r": 0.008403361344537815, "f": 0.016474464579901153}}