{"n": 5, "null": 0, "exact": 0, "tops": {"g": 89, "s": 5, "c": 4, "p": 0.8, "r": 0.0449438202247191, "f": 0.0851063829787234}, "labels": {"g": 108, "s": 6, "c": 2, "p": 0.3333333333333333, "r": 0.018518518518518517, "f": 0.03508771929824561}, "properties": {"g": 0, "s": 0, "c": 0, "p": 0.0, "r": 0.0, "f": 0.0}, "anchors": {"g": 19, "s": 0, "c": 0, "p": 0.0, "r": 0.0, "f": 0.0}, "edges": {"g": 312, "s": 1, "c": 0, "p": 0.0, "r": 0.0, "f": 0.0}, "attributes": {"g": 0, "s": 0, "c": 0, "p": 0.0, "r": 0.0, "f": 0.0}, "all": {"g": 528, "s": 12, "c": 6, "p": 0.5, "r": 0.011363636363636364, "f": 0.022222222222222223}}