{"n": 5, "null": 0, "exact": 0, "tops": {"g": 110, "s": 5, "c": 5, "p": 1.0, "r": 0.045454545454545456, "f": 0.08695652173913045}, "labels": {"g": 133, "s": 5, "c": 0, "p": 0.0, "r": 0.0, "f": 0.0}, "properties": {"g": 0, "s": 0, "c": 0, "p": 0.0, "r": 0.0, "f": 0.0}, "anchors": {"g": 0, "s": 0, "c": 0, "p": 0.0, "r": 0.0, "f": 0.0}, "edges": {"g": 346, "s": 0, "c": 0, "p": 0.0, "r": 0.0, "f": 0.0}, "attributes": {"g": 0, "s": 0, "c": 0, "p": 0.0, "r": 0.0, "f": 0.0}, "all": {"g": 589, "s": 10, "c": 5, "p": 0.5, "r": 0.008488964346349746, "f": 0.016694490818030053}}