{"n": 1, "null": 0, "exact": 1, "tops": {"g": 6, "s": 1, "c": 1, "p": 1.0, "r": 0.16666666666666666, "f": 0.2857142857142857}, "labels": {"g": 9, "s": 3, "c": 2, "p": 0.6666666666666666, "r": 0.2222222222222222, "f": 0.3333333333333333}, "properties": {"g": 0, "s": 0, "c": 0, "p": 0.0, "r": 0.0, "f": 0.0}, "anchors": {"g": 9, "s": 0, "c": 0, "p": 0.0, "r": 0.0, "f": 0.0}, "edges": {"g": 20, "s": 2, "c": 0, "p": 0.0, "r": 0.0, "f": 0.0}, "attributes": {"g": 0, "s": 0, "c": 0, "p": 0.0, "r": 0.0, "f": 0.0}, "all": {"g": 44, "s": 6, "c": 3, "p": 0.5, "r": 0.06818181818181818, "f": 0.12000000000000001}}