{"n": 5, "null": 0, "exact": 0, "tops": {"g": 73, "s": 5, "c": 4, "p": 0.8, "r": 0.0547945205479452, "f": 0.10256410256410256}, "labels": {"g": 92, "s": 6, "c": 1, "p": 0.16666666666666666, "r": 0.010869565217391304, "f": 0.02040816326530612}, "properties": {"g": 0, "s": 0, "c": 0, "p": 0.0, "r": 0.0, "f": 0.0}, "anchors": {"g": 0, "s": 0, "c": 0, "p": 0.0, "r": 0.0, "f": 0.0}, "edges": {"g": 219, "s": 1, "c": 0, "p": 0.0, "r": 0.0, "f": 0.0}, "attributes": {"g": 0, "s": 0, "c": 0, "p": 0.0, "r": 0.0, "f": 0.0}, "all": {"g": 384, "s": 12, "c": 5, "p": 0.4166666666666667, "r": 0.013020833333333334, "f": 0.025252525252525256}}