{"n": 5, "null": 0, "exact": 0, "tops": {"g": 73, "s": 5, "c": 5, "p": 1.0, "r": 0.0684931506849315, "f": 0.1282051282051282}, "labels": {"g": 92, "s": 8, "c": 1, "p": 0.125, "r": 0.010869565217391304, "f": 0.02}, "properties": {"g": 0, "s": 0, "c": 0, "p": 0.0, "r": 0.0, "f": 0.0}, "anchors": {"g": 41, "s": 0, "c": 0, "p": 0.0, "r": 0.0, "f": 0.0}, "edges": {"g": 219, "s": 3, "c": 0, "p": 0.0, "r": 0.0, "f": 0.0}, "attributes": {"g": 0, "s": 0, "c": 0, "p": 0.0, "r": 0.0, "f": 0.0}, "all": {"g": 425, "s": 16, "c": 6, "p": 0.375, "r": 0.01411764705882353, "f": 0.027210884353741503}}