{"n": 5, "null": 0, "exact": 0, "tops": {"g": 73, "s": 5, "c": 4, "p": 0.8, "r": 0.0547945205479452, "f": 0.10256410256410256}, "labels": {"g": 92, "s": 5, "c": 1, "p": 0.2, "r": 0.010869565217391304, "f": 0.020618556701030927}, "properties": {"g": 0, "s": 0, "c": 0, "p": 0.0, "r": 0.0, "f": 0.0}, "anchors": {"g": 41, "s": 0, "c": 0, "p": 0.0, "r": 0.0, "f": 0.0}, "edges": {"g": 219, "s": 0, "c": 0, "p": 0.0, "r": 0.0, "f": 0.0}, "attributes": {"g": 0, "s": 0, "c": 0, "p": 0.0, "r": 0.0, "f": 0.0}, "all": {"g": 425, "s": 10, "c": 5, "p": 0.5, "r": 0.011764705882352941, "f": 0.02298850574712644}}