{"n": 5, "null": 0, "exact": 0, "tops": {"g": 89, "s": 5, "c": 5, "p": 1.0, "r": 0.056179775280898875, "f": 0.10638297872340426}, "labels": {"g": 108, "s": 9, "c": 0, "p": 0.0, "r": 0.0, "f": 0.0}, "properties": {"g": 0, "s": 0, "c": 0, "p": 0.0, "r": 0.0, "f": 0.0}, "anchors": {"g": 19, "s": 0, "c": 0, "p": 0.0, "r": 0.0, "f": 0.0}, "edges": {"g": 312, "s": 4, "c": 2, "p": 0.5, "r": 0.00641025641025641, "f": 0.012658227848101266}, "attributes": {"g": 0, "s": 0, "c": 0, "p": 0.0, "r": 0.0, "f": 0.0}, "all": {"g": 528, "s": 18, "c": 7, "p": 0.3888888888888889, "r": 0.013257575757575758, "f": 0.02564102564102564}}