{"n": 1, "null": 0, "exact": 1, "tops": {"g": 1, "s": 1, "c": 0, "p": 0.0, "r": 0.0, "f": 0.0}, "labels": {"g": 10, "s": 2, "c": 2, "p": 1.0, "r": 0.2, "f": 0.33333333333333337}, "properties": {"g": 3, "s": 0, "c": 0, "p": 0.0, "r": 0.0, "f": 0.0}, "anchors": {"g": 0, "s": 0, "c": 0, "p": 0.0, "r": 0.0, "f": 0.0}, "edges": {"g": 9, "s": 1, "c": 0, "p": 0.0, "r": 0.0, "f": 0.0}, "attributes": {"g": 0, "s": 0, "c": 0, "p": 0.0, "r": 0.0, "f": 0.0}, "all": {"g": 23, "s": 4, "c": 2, "p": 0.5, "r": 0.08695652173913043, "f": 0.14814814814814817}}