{"n": 5, "null": 0, "exact": 0, "tops": {"g": 89, "s": 5, "c": 2, "p": 0.4, "r": 0.02247191011235955, "f": 0.0425531914893617}, "labels": {"g": 108, "s": 6, "c": 3, "p": 0.5, "r": 0.027777777777777776, "f": 0.05263157894736842}, "properties": {"g": 0, "s": 0, "c": 0, "p": 0.0, "r": 0.0, "f": 0.0}, "anchors": {"g": 19, "s": 0, "c": 0, "p": 0.0, "r": 0.0, "f": 0.0}, "edges": {"g": 312, "s": 1, "c": 0, "p": 0.0, "r": 0.0, "f": 0.0}, "attributes": {"g": 0, "s": 0, "c": 0, "p": 0.0, "r": 0.0, "f": 0.0}, "all": {"g": 528, "s": 12, "c": 5, "p": 0.4166666666666667, "r": 0.00946969696969697, "f": 0.01851851851851852}}