{"n": 5, "null": 0, "exact": 0, "tops": {"g": 118, "s": 5, "c": 5, "p": 1.0, "r": 0.0423728813559322, "f": 0.0813008130081301}, "labels": {"g": 140, "s": 5, "c": 0, "p": 0.0, "r": 0.0, "f": 0.0}, "properties": {"g": 0, "s": 0, "c": 0, "p": 0.0, "r": 0.0, "f": 0.0}, "anchors": {"g": 0, "s": 0, "c": 0, "p": 0.0, "r": 0.0, "f": 0.0}, "edges": {"g": 376, "s": 0, "c": 0, "p": 0.0, "r": 0.0, "f": 0.0}, "attributes": {"g": 0, "s": 0, "c": 0, "p": 0.0, "r": 0.0, "f": 0.0}, "all": {"g": 634, "s": 10, "c": 5, "p": 0.5, "r": 0.007886435331230283, "f": 0.015527950310559006}}